Benchmark,Supplier,Product,SKU,Price (CAD),PRO Price,URL,Scraped At
1/2 Drywall 4x10,Downtown Lumber,"4x10x1/2"" Lite-Weight Drywall",,21.88,,https://www.downtownlumber.com/p/4x10x12-lite-weight-drywall/1210DW,2026-08-13T11:40:32.883215
1/2 Drywall 4x8,New Canadian Lumber,"4x8x1/2"" UltraLight Drywall",,17.45,,https://shop.newcanadianslumber.com/p/4x8x12-ultralight-drywall/D4812,2026-08-13T11:40:27.611429
1/2 Drywall 4x8,Downtown Lumber,"4x8x1/2"" Lite-Weight Drywall",,17.47,,https://www.downtownlumber.com/p/4x8x12-lite-weight-drywall/12DW,2026-08-13T11:40:32.883176
1/2 Drywall 4x8,IHL Canada,1/2 in. x 4 ft. x 8 ft. Degrade Spruce Plywood,26785,32.84,,https://ihlcanada.com/products/4-ft-x-8-ft-x-1-2-in-d-grade-spruce-plywood,2026-08-13T11:36:38.396916
1/2 Drywall 4x8,IHL Canada,1/2 in. x 4 ft. x 8 ft. Degrade Spruce Plywood,26785,32.84,,https://ihlcanada.com/products/4-ft-x-8-ft-x-1-2-in-d-grade-spruce-plywood,2026-08-13T11:36:40.029600
1/2 Drywall 4x8,IHL Canada,1/2 in. x 4 ft. x 8 ft. Standard Spruce Plywood,20948,36.49,,https://ihlcanada.com/products/1-2-in-x-4-ft-x-8-ft-standard-spruce-plywood,2026-08-13T11:36:38.396925
1/2 Drywall 4x8,IHL Canada,1/2 in. x 4 ft. x 8 ft. Standard Spruce Plywood,20948,36.49,,https://ihlcanada.com/products/1-2-in-x-4-ft-x-8-ft-standard-spruce-plywood,2026-08-13T11:36:40.029602
1/2 Drywall 4x8,Downtown Lumber,"4x8x1/2"" Standard Spruce Plywood",,39.97,,https://www.downtownlumber.com/p/4x8x12-standard-spruce-plywood/12RGH,2026-08-13T11:40:32.883189
1/2 Drywall 4x8,New Canadian Lumber,"4x8x1/2"" Standard SPF Plywood",,39.98,,https://shop.newcanadianslumber.com/p/4x8x12-standard-spf-plywood/SP12,2026-08-13T11:40:27.611452
1/2 Drywall 4x8,IHL Canada,1/2 in. x 4 ft. x 8 ft. Sienna Brown Pressure Treated Plywood,21734,51.89,,https://ihlcanada.com/products/4-ft-x-8-ft-sienna-brown-pressure-treated-plywood,2026-08-13T11:36:38.396921
1/2 Drywall 4x8,IHL Canada,1/2 in. x 4 ft. x 8 ft. Sienna Brown Pressure Treated Plywood,21734,51.89,,https://ihlcanada.com/products/4-ft-x-8-ft-sienna-brown-pressure-treated-plywood,2026-08-13T11:36:40.029614
1/2 Drywall 4x8,IHL Canada,1/2 in. x 4 ft. x 8 ft. Fire-Resistant Treated Plywood,27366,69.0,,https://ihlcanada.com/products/4-ft-x-8-ft-fire-resistant-treated-plywood,2026-08-13T11:36:38.396918
1/2 Drywall 4x8,IHL Canada,1/2 in. x 4 ft. x 8 ft. Fire-Resistant Treated Plywood,27366,69.0,,https://ihlcanada.com/products/4-ft-x-8-ft-fire-resistant-treated-plywood,2026-08-13T11:36:40.029624
1/2 Drywall 4x8,IHL Canada,Amvic Envirosheet EN20S25004 2-1/2 in. x 4 ft. x 8 ft. Type-2 EPS Rigid Foam Board Insulation (6-Piece),32515,285.0,,https://ihlcanada.com/products/amvic-envirosheet-en20s25004-2-1-2-in-x-4-ft-x-8-ft-type-2-eps-rigid-foam-board-insulation-6-piece,2026-08-13T11:36:43.207391
1/2 Spruce Plywood,IHL Canada,1/2 in. x 4 ft. x 8 ft. Standard Spruce Plywood,20948,36.49,,https://ihlcanada.com/products/1-2-in-x-4-ft-x-8-ft-standard-spruce-plywood,2026-08-13T11:36:38.396925
1/2 Spruce Plywood,IHL Canada,1/2 in. x 4 ft. x 8 ft. Standard Spruce Plywood,20948,36.49,,https://ihlcanada.com/products/1-2-in-x-4-ft-x-8-ft-standard-spruce-plywood,2026-08-13T11:36:40.029602
1/2 Spruce Plywood,Downtown Lumber,"4x8x1/2"" Standard Spruce Plywood",,39.97,,https://www.downtownlumber.com/p/4x8x12-standard-spruce-plywood/12RGH,2026-08-13T11:40:32.883189
1/2 Spruce Plywood,New Canadian Lumber,"4x8x1/2"" Standard SPF Plywood",,39.98,,https://shop.newcanadianslumber.com/p/4x8x12-standard-spf-plywood/SP12,2026-08-13T11:40:27.611452
2x12x12 Spruce,Downtown Lumber,2x12x12' Premium SPF,,44.98,,https://www.downtownlumber.com/p/2x12x12-premium-spf/21212,2026-08-13T11:40:32.883193
2x4x10 Pressure Treated,Downtown Lumber,2x4x10' Sienna Pressure Treated Lumber,,9.99,,https://www.downtownlumber.com/p/2x4x10-sienna-pressure-treated-lumber/2410PT,2026-08-13T11:40:32.883228
2x4x10 Spruce,New Canadian Lumber,2x4x10' Premium SPF,,5.69,,https://shop.newcanadianslumber.com/p/2x4x10-premium-spf/S2410,2026-08-13T11:40:27.611355
2x4x10 Spruce,IHL Canada,2 in. x 4 in. x 10 ft. Spruce Lumber,20915,5.75,,https://ihlcanada.com/products/2-in-x-4-in-x-10-ft-spruce-lumber,2026-08-13T11:36:38.397001
2x4x10 Spruce,Downtown Lumber,2x4x10' Premium SPF,,5.99,,https://www.downtownlumber.com/p/2x4x10-premium-spf/2410,2026-08-13T11:40:32.883154
2x4x10 Spruce,Downtown Lumber,2x4x10' Sienna Pressure Treated Lumber,,9.99,,https://www.downtownlumber.com/p/2x4x10-sienna-pressure-treated-lumber/2410PT,2026-08-13T11:40:32.883228
2x4x10 Spruce,Downtown Lumber,2x4x10' Premium WR Cedar,,20.99,,https://www.downtownlumber.com/p/2x4x10-premium-wr-cedar/2410C,2026-08-13T11:40:32.883179
2x4x12 Spruce,Downtown Lumber,2x4x12' Premium WR Cedar,,24.99,,https://www.downtownlumber.com/p/2x4x12-premium-wr-cedar/2412C,2026-08-13T11:40:32.883162
2x4x8 Pressure Treated,IHL Canada,2 in. x 4 in. x 8 ft. Brown Pressure Treated Lumber,22115,6.79,,https://ihlcanada.com/products/2-in-x-4-in-brown-pressure-treated-lumber,2026-08-13T11:36:38.397024
2x4x8 Pressure Treated,Downtown Lumber,2x4x8' Sienna Pressure Treated Lumber,,7.99,,https://www.downtownlumber.com/p/2x4x8-sienna-pressure-treated-lumber/248PT,2026-08-13T11:40:32.883218
2x4x8 Spruce,IHL Canada,2 in. x 4 in. x 8 ft. Spruce Lumber,20912,3.78,,https://ihlcanada.com/products/2-in-x-4-in-spruce-lumber,2026-08-13T11:36:38.397026
2x4x8 Spruce,New Canadian Lumber,2x4x8' Premium SPF,,4.44,,https://shop.newcanadianslumber.com/p/2x4x8-premium-spf/S248,2026-08-13T11:40:27.611370
2x4x8 Spruce,Downtown Lumber,2x4x8' Premium SPF,,4.49,,https://www.downtownlumber.com/p/2x4x8-premium-spf/248,2026-08-13T11:40:32.883137
2x4x8 Spruce,Downtown Lumber,2x4x8' Sienna Pressure Treated Lumber,,7.99,,https://www.downtownlumber.com/p/2x4x8-sienna-pressure-treated-lumber/248PT,2026-08-13T11:40:32.883218
2x4x8 Spruce,Downtown Lumber,2x4x8' Premium WR Cedar,,17.49,,https://www.downtownlumber.com/p/2x4x8-premium-wr-cedar/248C,2026-08-13T11:40:32.883225
2x6x10 Spruce,IHL Canada,2 in. x 6 in. x 10 ft. Spruce Lumber,20923,10.24,,https://ihlcanada.com/products/2-in-x-6-in-x-10-ft-spruce-lumber,2026-08-13T11:36:38.397035
2x6x10 Spruce,New Canadian Lumber,2x6x10' Premium SPF,,10.25,,https://shop.newcanadianslumber.com/p/2x6x10-premium-spf/S2610,2026-08-13T11:40:27.611425
2x6x10 Spruce,Downtown Lumber,2x6x10' Premium SPF,,10.99,,https://www.downtownlumber.com/p/2x6x10-premium-spf/2610,2026-08-13T11:40:32.883211
2x6x10 Spruce,Downtown Lumber,2x6x10' Premium WR Cedar,,41.98,,https://www.downtownlumber.com/p/2x6x10-premium-wr-cedar/2610C,2026-08-13T11:40:32.883199
2x6x12 Spruce,Downtown Lumber,2x6x12' Premium SPF,,13.99,,https://www.downtownlumber.com/p/2x6x12-premium-spf/2612,2026-08-13T11:40:32.883231
2x6x8 Spruce,IHL Canada,2 in. x 6 in. x 8 ft. Spruce Lumber,20920,6.89,,https://ihlcanada.com/products/2-in-x-6-in-x-8-ft-spruce-lumber,2026-08-13T11:36:38.397061
2x6x8 Spruce,New Canadian Lumber,2x6x8' Premium SPF,,6.99,,https://shop.newcanadianslumber.com/p/2x6x8-premium-spf/S268,2026-08-13T11:40:27.611409
2x6x8 Spruce,Downtown Lumber,2x6x8' Premium SPF,,7.29,,https://www.downtownlumber.com/p/2x6x8-premium-spf/268,2026-08-13T11:40:32.883166
2x6x8 Spruce,Downtown Lumber,2x6x8' Premium WR Cedar,,35.99,,https://www.downtownlumber.com/p/2x6x8-premium-wr-cedar/268C,2026-08-13T11:40:32.883158
3/4 Spruce Plywood,IHL Canada,3/4 in. x 4 ft. x 8 ft. Standard Spruce Plywood,20951,56.49,,https://ihlcanada.com/products/3-4-in-x-4-ft-x-8-ft-standard-spruce-plywood,2026-08-13T11:36:38.397103
3/4 Spruce Plywood,IHL Canada,3/4 in. x 4 ft. x 8 ft. Standard Spruce Plywood,20951,56.49,,https://ihlcanada.com/products/3-4-in-x-4-ft-x-8-ft-standard-spruce-plywood,2026-08-13T11:36:40.029619
3/4 Spruce Plywood,New Canadian Lumber,"4x8x3/4"" Standard SPF Plywood",,59.97,,https://shop.newcanadianslumber.com/p/4x8x34-standard-spf-plywood/SP34,2026-08-13T11:40:27.611416
3/4 Spruce Plywood,Downtown Lumber,"4x8x3/4"" Standard Spruce Plywood",,59.97,,https://www.downtownlumber.com/p/4x8x34-standard-spruce-plywood/34RGH,2026-08-13T11:40:32.883208
3/8 Spruce Plywood,New Canadian Lumber,"4x8x3/8"" Standard SPF Plywood",,29.98,,https://shop.newcanadianslumber.com/p/4x8x38-standard-spf-plywood/SP38,2026-08-13T11:40:27.611419
5/8 Spruce Plywood,New Canadian Lumber,"4x8x5/8"" Standard SPF Plywood",,49.98,,https://shop.newcanadianslumber.com/p/4x8x58-standard-spf-plywood/SP58,2026-08-13T11:40:27.611422
7/16 OSB 4x8,New Canadian Lumber,"4x8x7/16"" OSB Board",,12.98,,https://shop.newcanadianslumber.com/p/4x8x716-osb-board/WB716,2026-08-13T11:40:27.611375
7/16 OSB 4x8,IHL Canada,7/16 in. x 4 ft. x 8 ft. OSB Oriented Strand Board,20954,13.98,,https://ihlcanada.com/products/4-ft-x-8-ft-oriented-strand-board,2026-08-13T11:36:38.397213
7/16 OSB 4x8,IHL Canada,7/16 in. x 4 ft. x 8 ft. OSB Oriented Strand Board,20954,13.98,,https://ihlcanada.com/products/4-ft-x-8-ft-oriented-strand-board,2026-08-13T11:36:40.029576
Concrete Mix 30kg,New Canadian Lumber,Quikrete Concrete Mix - 30 kg,,6.89,,https://shop.newcanadianslumber.com/p/quikrete-concrete-mix-30-kg/STMP,2026-08-13T11:40:27.611397
Concrete Mix 30kg,Downtown Lumber,Quikrete Stone-Mix - 30 kg,,6.99,,https://www.downtownlumber.com/p/quikrete-stone-mix-30-kg/CM,2026-08-13T11:40:32.883182
Drywall Compound,New Canadian Lumber,"All-Purpose Lite Drywall Compound, Ready-Mixed, 17 L",,29.99,,https://shop.newcanadianslumber.com/p/all-purpose-lite-drywall-compound-ready-mixed-17-l/RM23C,2026-08-13T11:40:27.611379
